<application>
  <component name="com.intellij.ide.ui.customization.CustomActionsSchema">
    <group value="tasks.switch" is_action="true" action_type="-1" position="3">
      <path value="root" />
      <path value="Main Toolbar" />
      <path value="Left" />
    </group>
    <group value="MainToolbarPerforceVCSGroup" is_group="true" forse_popup="false" action_type="-1" position="1">
      <path value="root" />
      <path value="Main Toolbar" />
      <path value="Left" />
    </group>
    <group value="MainToolbarPerforceVCSGroup" is_group="true" forse_popup="false" action_type="1" position="3">
      <path value="root" />
      <path value="Main Toolbar" />
      <path value="Left" />
    </group>
    <group value="tasks.switch" is_action="true" action_type="1" position="7">
      <path value="root" />
      <path value="Main Toolbar" />
      <path value="Right" />
    </group>
  </component>
</application>