<application>
  <component name="CodeInsightSettings">
    <option name="ADD_UNAMBIGIOUS_IMPORTS_ON_THE_FLY" value="true" />
  </component>
  <component name="CodeVisionSettings">
    <option name="defaultPosition" value="Right" />
  </component>
  <component name="DaemonCodeAnalyzerSettings">
    <option name="AUTOREPARSE_DELAY" value="0" />
  </component>
  <component name="DeclarativeInlayHintsSettings">
    <option name="providerIdToEnabled">
      <map>
        <entry key="groovy.implicit.null.argument" value="true" />
        <entry key="groovy.lambda.parameter.inlay.provider" value="true" />
        <entry key="groovy.local.variable.implicit.types" value="true" />
        <entry key="java.implicit.lambdaParameter" value="true" />
        <entry key="java.implicit.types" value="false" />
        <entry key="java.method.chains" value="true" />
        <entry key="kotlin.lambdas.hints" value="false" />
        <entry key="kotlin.method.chains" value="false" />
        <entry key="kotlin.references.types.hints" value="false" />
        <entry key="kotlin.values.hints" value="true" />
        <entry key="qodana.yaml.inspection.descriptions" value="true" />
      </map>
    </option>
  </component>
  <component name="EditorSettings">
    <option name="USE_SOFT_WRAPS" value="CONSOLE" />
  </component>
  <component name="TodoConfiguration">
    <pattern pattern="\btodo\b.*" />
    <pattern pattern="\bfixme\b.*" />
    <pattern icon="question" useCustomColors="true" pattern="//note:">
      <option name="FOREGROUND" value="e998ff" />
      <option name="ERROR_STRIPE_COLOR" value="e998ff" />
    </pattern>
    <pattern icon="question" useCustomColors="true" pattern="//imp:">
      <option name="FOREGROUND" value="56ff2f" />
      <option name="ERROR_STRIPE_COLOR" value="ff6a95" />
    </pattern>
    <pattern pattern="//Todo:" />
    <pattern icon="important" pattern="//check" />
    <pattern icon="question" useCustomColors="true" pattern="//syntax">
      <option name="FOREGROUND" value="1bff4c" />
      <option name="ERROR_STRIPE_COLOR" value="e998ff" />
    </pattern>
  </component>
</application>