<application>
  <component name="ProjectManager">
    <defaultProject>
      <component name="PropertiesComponent">{
  &quot;keyToString&quot;: {
    &quot;settings.editor.selected.configurable&quot;: &quot;preferences.fileTypes&quot;
  }
}</component>
      <component name="WindowStateProjectService">
        <state x="184" y="0" key="SettingsEditor" timestamp="1710431695101">
          <screen x="0" y="0" width="1366" height="738" />
        </state>
        <state x="184" y="0" key="SettingsEditor/0.0.1366.738" timestamp="1710431695101" />
      </component>
      <component name="masterDetails">
        <states>
          <state key="ProjectJDKs.UI">
            <settings>
              <last-edited>21</last-edited>
              <splitter-proportions>
                <option name="proportions">
                  <list>
                    <option value="0.2" />
                  </list>
                </option>
              </splitter-proportions>
            </settings>
          </state>
        </states>
      </component>
    </defaultProject>
  </component>
</application>