<application>
  <component name="Trusted.Paths">
    <option name="TRUSTED_PROJECT_PATHS">
      <map>
        <entry key="C:\Users\kamal\.m2\repository\com\seleniumframework\core\selenium-framework\2.2-SNAPSHOT" value="true" />
        <entry key="C:\Users\kamal\Desktop" value="true" />
        <entry key="C:\Users\kamal\Documents\Projects" value="true" />
        <entry key="C:\Users\kamal\Documents\Projects\API\RetargetCommonRestAPIAutomationFramework-master" value="true" />
        <entry key="C:\Users\kamal\Documents\Projects\LeetCode" value="true" />
        <entry key="C:\Users\kamal\Documents\Projects\WebShop" value="true" />
        <entry key="C:\Users\kamal\Documents\Projects\selenium_projects\general" value="true" />
        <entry key="C:\Users\kamal\IdeaProjects\AutomactionTesting_Project" value="true" />
        <entry key="C:\Users\kamal\IdeaProjects\Fitpeo" value="true" />
        <entry key="C:\Users\kamal\IdeaProjects\HRMS_Project" value="true" />
        <entry key="C:\Users\kamal\IdeaProjects\LearningJava" value="true" />
        <entry key="C:\Users\kamal\IdeaProjects\RedditAppiumTest" value="true" />
        <entry key="C:\Users\kamal\IdeaProjects\SeleniumExampleCodes" value="true" />
        <entry key="C:\Users\kamal\IdeaProjects\TestNgLearning" value="true" />
        <entry key="C:\Users\kamal\IdeaProjects\cucumberwithtestng" value="true" />
        <entry key="C:\Users\kamal\IdeaProjects\extentreports-java" value="true" />
        <entry key="C:\Users\kamal\IdeaProjects\learning" value="true" />
        <entry key="C:\Users\kamal\IdeaProjects\selenium_with_java" value="true" />
        <entry key="C:\Users\kamal\IdeaProjects\untitled" value="true" />
        <entry key="C:\Users\kamal\eclipse-workspace\DeemoTest" value="true" />
        <entry key="C:\Users\kamal\eclipse-workspace\FlightsBooking" value="true" />
        <entry key="C:\Users\kamal\eclipse-workspace\MyProject" value="true" />
        <entry key="C:\Users\kamal\eclipse-workspace\OrangeHrm" value="true" />
        <entry key="C:\Users\kamal\eclipse-workspace\SeleniumChangalles" value="true" />
        <entry key="C:\Users\kamal\eclipse-workspace\flightbooking" value="true" />
        <entry key="C:\selenium_dep\MyProject" value="true" />
        <entry key="C:\selenium_dep\SeleniumProjects\Automan" value="true" />
        <entry key="C:\selenium_dep\SeleniumProjects\GeneralLearning" value="true" />
        <entry key="C:\selenium_dep\SeleniumProjects\SeleniumAutomactionFrameWork" value="true" />
        <entry key="C:\selenium_dep\SeleniumProjects\seleniumproject" value="true" />
      </map>
    </option>
  </component>
  <component name="Trusted.Paths.Settings">
    <option name="TRUSTED_PATHS">
      <list>
        <option value="C:\Users\kamal\eclipse-workspace" />
        <option value="C:\Users\kamal\IdeaProjects" />
      </list>
    </option>
  </component>
</application>