<application>
  <component name="DimensionService">
    <location key="find.popup.0.0.1366.768" x="632" y="95" />
    <size key="GridCell.Tab.0.left.0.0.1366.768" width="590" height="216" />
    <size key="GridCell.Tab.0.center.0.0.1366.768" width="590" height="216" />
    <size key="GridCell.Tab.0.right.0.0.1366.768" width="590" height="216" />
    <size key="GridCell.Tab.0.bottom.0.0.1366.768" width="590" height="216" />
    <size key="GridCell.Tab.1.left.0.0.1366.768" width="1332" height="263" />
    <size key="GridCell.Tab.1.center.0.0.1366.768" width="1332" height="263" />
    <size key="GridCell.Tab.1.right.0.0.1366.768" width="1332" height="263" />
    <size key="GridCell.Tab.1.bottom.0.0.1366.768" width="1332" height="263" />
    <size key="find.popup.0.0.1366.768" width="645" height="512" />
  </component>
  <component name="WindowManager">
    <frame x="-8" y="-8" width="1382" height="754" extendedState="6" />
  </component>
  <component name="WindowStateApplicationService">
    <state width="723" height="229" key="ShowUsagesActions.dimensionServiceKey" timestamp="1722618930706">
      <screen x="0" y="0" width="1366" height="738" />
    </state>
    <state width="723" height="229" key="ShowUsagesActions.dimensionServiceKey/0.0.1366.738" timestamp="1722618930706" />
    <state width="559" height="141" key="ShowUsagesActions.dimensionServiceKey/0.0.1366.768" timestamp="1720689569458" />
  </component>
</application>